{
  "description": "Independent spatio-temporal point process sequences. Each sequence is a list of [time, x, y] events.",
  "num_sequences_train": 5000,
  "event_format": ["time", "x", "y"],
  "sample_sequence": [
    [0.3055765230194872, 5.433189969286602, 5.764326305321283],
    [0.4014620146010347, 6.570510907353208, 6.160427456071596],
    [0.5214776018744633, 2.77066313615366, 6.246171577856915],
    [0.7875647924623242, 1.2285972235947202, 5.502536694568307],
    [3.5451952388710293, 2.337235038779203, 6.1833920707221335]
  ]
}
